"Name","State","Notes","User","Tags","Created","Runtime","Sweep","ae_layer","batch_size","branch_layer","branch_loss","epochs","latent_dim","learning_rate","loss","num_vars","recon_loss","vars","weight","branch_weight","kl_weight","kl"
"pleasant-capybara-64","crashed","-","sophied","","2022-06-05T15:22:07.000Z","9602","","15","64","30","0.04365291818976402","3000","5","0.0028","5.405760288238525","3","0.0000022372250896296464","A+B+C+D","","85","0.03","56.508670806884766"
"revived-violet-63","finished","-","sophied","","2022-06-05T14:59:27.000Z","1357","","15","64","30","0.05149723961949349","3000","10","0.0028","7.917653560638428","4","0.00003360407572472468","A+B+C+D","","85","0.03","118.01182556152344"
"olive-night-62","crashed","-","sophied","","2022-06-01T23:22:29.000Z","7998","","10","64","10","0.005663326010107994","3000","5","0.0028","2.3341963291168213","3","0.0000016570742218391388","B+C+D","","85","0.03","61.760398864746094"
"peach-blaze-61","crashed","-","sophied","","2022-05-31T20:59:55.000Z","9445","","10","64","10","0.010826323181390762","3000","5","0.0028","2.6016149520874023","3","0.000031046663934830576","B+C+D","","85","0.03","56.04487991333008"
"lemon-brook-60","finished","-","sophied","","2022-05-31T19:59:03.000Z","3649","","10","64","10","0.006811394821852446","3000","3","0.0028","1.849355697631836","3","0.000004301911758375354","B+C+D","","85","0.03","42.346092224121094"
"floral-cosmos-59","crashed","-","sophied","","2022-05-31T14:19:53.000Z","3692","","10","64","10","0.0075391302816569805","3000","3","0.0028","2.2238833904266357","3","0.000011350120075803716","B+C+D","","85","0.03","52.76820373535156"
"woven-darkness-58","finished","-","sophied","","2022-05-31T14:04:57.000Z","893","","10","64","10","0.008221720345318317","3000","5","0.0028","2.1603052616119385","3","0.00001700771099422127","B+C+D","","85","0.03","48.7147331237793"
"peach-universe-57","crashed","-","sophied","","2022-05-29T14:22:58.000Z","5916","","8","64","7","0.06929459422826767","3000","7","0.0028","8.990148544311523","4","0.000011641853234323207","all","","85","0.03","103.3365707397461"
"polar-hill-56","crashed","-","sophied","","2022-05-29T10:56:42.000Z","8344","","8","64","7","0.03903966397047043","3000","7","0.0028","6.629162788391113","4","0.000002756790536295739","all","","85","0.03","110.35961151123048"
"neat-sweep-72","crashed","-","sophied","","2022-05-29T01:33:35.000Z","134","5e99jgaj","10","","6","0.07604357600212097","","","0.0012141270490655784","79.24453735351562","","0.00019563158275559545","A+B+C+D","","43.83105791754577","0.698904655839327","108.61463165283205"
"pretty-sweep-71","finished","-","sophied","","2022-05-29T01:30:37.000Z","176","5e99jgaj","8","","4","0.08922915160655975","","","0.001010115269483332","55.276817321777344","","0.0001056134860846214","A+B+C+D","","38.45792666051362","0.5544708181031991","93.50382232666016"
"snowy-sweep-70","finished","-","sophied","","2022-05-29T01:27:38.000Z","174","5e99jgaj","9","","7","0.08884300291538239","","","0.0008350566653953125","73.44764709472656","","0.0001044090386130847","A+B+C+D","","28.432775653818673","0.7587151514813134","93.47576904296876"
"hearty-sweep-69","finished","-","sophied","","2022-05-29T01:24:40.000Z","174","5e99jgaj","7","","10","0.08941572904586792","","","0.0022199193483089185","30.88086700439453","","0.00010542320524109527","A+B+C+D","","31.506316396515317","0.300112818813232","93.51016998291016"
"dauntless-sweep-68","finished","-","sophied","","2022-05-29T01:21:41.000Z","177","5e99jgaj","16","","5","0.08924924582242966","","","0.0010654798625948506","26.31156539916992","","0.00010411756375106052","A+B+C+D","","85.52202256596154","0.1997629123613771","93.5042724609375"
"eager-sweep-67","finished","-","sophied","","2022-05-29T01:18:43.000Z","175","5e99jgaj","15","","4","0.0859227105975151","","","0.003926758491222688","10.800013542175291","","0.00008812307351035997","A+B+C+D","","33.98971324530625","0.08451336399522356","93.23302459716795"
"vibrant-sweep-66","finished","-","sophied","","2022-05-29T01:15:38.000Z","179","5e99jgaj","13","","7","0.07683667540550232","","","0.0027666643676176658","0.8283460140228271","","0.00004926732071908191","A+B+C+D","","1.8784352807848377","0.007447608827332322","91.83673095703124"
"hearty-sweep-65","finished","-","sophied","","2022-05-29T01:12:40.000Z","172","5e99jgaj","11","","9","0.08539412170648575","","","0.0038343154847711703","73.58173370361328","","0.00005523286381503567","A+B+C+D","","40.04608519834575","0.7670970400567021","91.46427917480467"
"wobbly-sweep-64","finished","-","sophied","","2022-05-29T01:09:42.000Z","173","5e99jgaj","14","","4","0.08942652493715286","","","0.003771677868327958","93.82445526123048","","0.00010055567690869792","A+B+C+D","","63.750225341916575","0.942291147094482","93.52033996582033"
"dandy-sweep-63","finished","-","sophied","","2022-05-29T01:06:43.000Z","175","5e99jgaj","8","","7","0.07894743233919144","","","0.0027796073966888895","9.428094863891602","","0.00005211604729993269","A+B+C+D","","85.01114231324354","0.029603979794256375","91.76576232910156"
"expert-sweep-62","finished","-","sophied","","2022-05-29T01:03:45.000Z","174","5e99jgaj","9","","7","0.07643388956785202","","","0.0018413383823187009","65.43167114257812","","0.00004878149775322527","A+B+C+D","","37.27682481720277","0.6828320272680355","91.65125274658205"
"genial-sweep-61","finished","-","sophied","","2022-05-29T01:00:47.000Z","174","5e99jgaj","18","","9","0.07606414705514908","","","0.0026709539216110433","63.55242919921875","","0.000050828424718929455","A+B+C+D","","27.182600782418305","0.6726074488517334","91.41254425048828"
"olive-sweep-60","finished","-","sophied","","2022-05-29T00:57:49.000Z","173","5e99jgaj","12","","7","0.08959833532571793","","","0.0048555054722138075","52.98444366455078","","0.00010981352534145115","A+B+C+D","","93.66523272916068","0.47677316958196697","93.52893829345705"
"quiet-sweep-59","finished","-","sophied","","2022-05-29T00:54:50.000Z","172","5e99jgaj","10","","8","0.07385046780109406","","","0.0013994337329766102","37.0633659362793","","0.000047423611249541864","A+B+C+D","","64.6439938842883","0.3541063931402676","91.18538665771484"
"electric-sweep-58","finished","-","sophied","","2022-05-29T00:51:52.000Z","173","5e99jgaj","13","","4","0.08954937756061554","","","0.0012853983587454514","92.16246795654295","","0.00010572117025731131","A+B+C+D","","52.38362692059868","0.9353459797477796","93.51773834228516"
"super-sweep-57","finished","-","sophied","","2022-05-29T00:48:59.000Z","170","5e99jgaj","17","","9","0.07924395054578781","","","0.0027353590520144606","46.73714828491211","","0.0000508986777276732","A+B+C+D","","89.8193797699365","0.43060369558139433","92.00909423828124"
"graceful-sweep-56","finished","-","sophied","","2022-05-29T00:46:01.000Z","176","5e99jgaj","17","","10","0.0879545658826828","","","0.0026698682895037427","51.65445709228515","","0.0000900400264072232","A+B+C+D","","88.92637311758962","0.46922201661617424","93.41609191894533"
"earthy-sweep-55","finished","-","sophied","","2022-05-29T00:43:02.000Z","172","5e99jgaj","18","","10","0.08764971792697906","","","0.0007564468259355253","36.120845794677734","","0.00006684206891804934","A+B+C+D","","84.86378519672296","0.3072421410168543","93.35467529296876"
"celestial-sweep-54","finished","-","sophied","","2022-05-29T00:39:54.000Z","186","5e99jgaj","7","","4","0.08939642459154129","","","0.0040582824746052334","91.27906799316406","","0.00010606755677144974","A+B+C+D","","30.759479976359685","0.9466331565432275","93.5200424194336"
"wild-sweep-53","finished","-","sophied","","2022-05-29T00:36:51.000Z","177","5e99jgaj","12","","10","0.08947081118822098","","","0.0015654463851595176","81.34778594970703","","0.00009052139648701996","A+B+C+D","","4.77050557986668","0.8656633698830258","93.47845458984376"
"ruby-sweep-52","finished","-","sophied","","2022-05-29T00:33:52.000Z","176","5e99jgaj","15","","5","0.07934429496526718","","","0.0043288890174117845","32.170772552490234","","0.000048262991185765713","A+B+C+D","","75.502201796592","0.2871899797227307","91.15935516357422"
"different-sweep-51","finished","-","sophied","","2022-05-29T00:30:44.000Z","185","5e99jgaj","19","","8","0.07510638236999512","","","0.0020037331143063614","87.3770751953125","","0.000053438441682374105","A+B+C+D","","23.157104425062673","0.9434356153339112","90.77224731445312"
"celestial-sweep-50","finished","-","sophied","","2022-05-29T00:27:45.000Z","177","5e99jgaj","12","","6","0.08982637524604797","","","0.00011505296093629544","59.75711441040039","","0.00012267442070879042","A+B+C+D","","24.239858408640114","0.615341529603167","93.57341766357422"
"rose-sweep-49","finished","-","sophied","","2022-05-29T00:24:47.000Z","174","5e99jgaj","17","","4","0.0759611427783966","","","0.0025491417156134296","20.944271087646484","","0.00004765200719702989","A+B+C+D","","58.45862808359212","0.17950958910598974","91.93737030029295"
"glowing-sweep-48","finished","-","sophied","","2022-05-29T00:21:48.000Z","176","5e99jgaj","9","","5","0.08957993239164352","","","0.0018406498094040952","14.417706489562988","","0.00014653564721811563","A+B+C+D","","16.26547697612222","0.1385940759117286","93.51409912109376"
"decent-sweep-47","finished","-","sophied","","2022-05-29T00:18:49.000Z","173","5e99jgaj","12","","5","0.08090276271104813","","","0.003616512585374143","67.50554656982422","","0.0000487531979160849","A+B+C+D","","57.17980301987836","0.6890637152010586","91.25353240966795"
"wild-sweep-46","finished","-","sophied","","2022-05-29T00:15:51.000Z","175","5e99jgaj","12","","7","0.08925413340330124","","","0.0014136421890132184","91.18929290771484","","0.00010478730109753089","A+B+C+D","","77.85223169889697","0.9008865611549384","93.50850677490234"
"electric-sweep-45","finished","-","sophied","","2022-05-29T00:12:48.000Z","179","5e99jgaj","9","","7","0.08940000832080841","","","0.0003833999100680829","18.92051696777344","","0.00010661731357686222","A+B+C+D","","95.13167345392152","0.11136500801339008","93.52702331542967"
"wise-sweep-44","finished","-","sophied","","2022-05-29T00:09:49.000Z","174","5e99jgaj","17","","7","0.08930817991495132","","","0.002772288880373043","76.15133666992188","","0.00009862187289400026","A+B+C+D","","28.15380023058362","0.7874495716238799","93.51312255859376"
"honest-sweep-43","finished","-","sophied","","2022-05-29T00:06:46.000Z","181","5e99jgaj","9","","10","0.08914277702569962","","","0.0018018040460391189","55.29502868652344","","0.00010271820792695507","A+B+C+D","","95.71359839589702","0.5001037981765097","93.50608825683594"
"sweet-sweep-42","finished","-","sophied","","2022-05-29T00:03:37.000Z","185","5e99jgaj","15","","8","0.08976234495639801","","","0.004107851563918931","76.14717864990234","","0.00010333439422538504","A+B+C+D","","74.61914126117239","0.7424210593791427","93.54407501220705"
"brisk-sweep-41","finished","-","sophied","","2022-05-29T00:00:24.000Z","189","5e99jgaj","10","","9","0.07831648737192154","","","0.0014481319821347046","3.8702104091644287","","0.00005332384898792952","A+B+C+D","","1.489761581523677","0.040829295149926795","91.93115997314452"
"denim-sweep-40","finished","-","sophied","","2022-05-28T23:57:20.000Z","179","5e99jgaj","7","","9","0.08286457508802414","","","0.003123379327761572","63.89647674560547","","0.00006220096838660538","A+B+C+D","","58.560087467677455","0.6447067420104188","91.58250427246094"
"fresh-sweep-39","finished","-","sophied","","2022-05-28T23:54:17.000Z","177","5e99jgaj","10","","6","0.08946619182825089","","","0.0010856060951695383","13.40259075164795","","0.00010583410767139868","A+B+C+D","","4.503164984079085","0.13898691416010778","93.53113555908205"
"wise-sweep-38","finished","-","sophied","","2022-05-28T23:51:14.000Z","181","5e99jgaj","14","","7","0.08953677862882614","","","0.0006735121313525582","56.81804275512695","","0.00010687419853638858","A+B+C+D","","96.98214693371202","0.5145698936688361","93.5431137084961"
"bumbling-sweep-37","finished","-","sophied","","2022-05-28T23:48:10.000Z","181","5e99jgaj","17","","9","0.08928879350423813","","","0.0010551207015520917","50.474632263183594","","0.0001086992779164575","A+B+C+D","","76.8265423594638","0.4664715760772131","93.4993133544922"
"balmy-sweep-36","finished","-","sophied","","2022-05-28T23:45:07.000Z","177","5e99jgaj","9","","8","0.08917860686779022","","","0.0008355182432151574","77.81999969482422","","0.00010757255222415552","A+B+C+D","","29.919900404187477","0.8036385255029747","93.5142822265625"
"jolly-sweep-35","finished","-","sophied","","2022-05-28T23:41:58.000Z","183","5e99jgaj","7","","6","0.07876396179199219","","","0.002426919681144511","11.674842834472656","","0.00005230098031461239","A+B+C+D","","69.40708749174983","0.06733153805265099","92.20066833496094"
"major-sweep-34","finished","-","sophied","","2022-05-28T23:38:55.000Z","177","5e99jgaj","8","","4","0.07395610958337784","","","0.00269109997363099","55.57706069946289","","0.0000487513498228509","A+B+C+D","","72.21210345603203","0.5528461349276544","90.86883544921876"
"smooth-sweep-33","finished","-","sophied","","2022-05-28T23:35:52.000Z","179","5e99jgaj","14","","9","0.08892875909805298","","","0.00117162150696272","50.63692092895508","","0.00008296318992506713","A+B+C+D","","43.24175150536241","0.5004284627713145","93.50267791748048"
"lilac-sweep-32","finished","-","sophied","","2022-05-28T23:32:49.000Z","177","5e99jgaj","10","","5","0.07273808121681213","","","0.0027993462578067415","6.364254474639893","","0.00004532578896032646","A+B+C+D","","50.20887078909337","0.029703345077393185","91.30663299560548"
"morning-sweep-31","finished","-","sophied","","2022-05-28T23:29:40.000Z","183","5e99jgaj","14","","6","0.08544816076755524","","","0.0048398979374616995","39.729522705078125","","0.00009980906907003372","A+B+C+D","","50.51183619124833","0.38106344584950547","92.93276977539062"
"rosy-sweep-30","finished","-","sophied","","2022-05-28T23:26:32.000Z","183","5e99jgaj","9","","5","0.0895070806145668","","","0.004516742205957283","85.14098358154297","","0.00010496318282093851","A+B+C+D","","70.80445698117113","0.8425891675488595","93.5252685546875"
"autumn-sweep-29","finished","-","sophied","","2022-05-28T23:23:23.000Z","182","5e99jgaj","18","","9","0.08936768025159836","","","0.0007213087651290448","6.3672285079956055","","0.00010427233792142944","A+B+C+D","","53.429890729632795","0.01702556789804263","93.519287109375"
"fine-sweep-28","finished","-","sophied","","2022-05-28T23:20:15.000Z","183","5e99jgaj","14","","4","0.08716194331645966","","","0.0015789754465418378","74.34719848632812","","0.00006308354204520583","A+B+C+D","","92.89862055258862","0.7101716294463207","93.28717803955078"
"major-sweep-27","finished","-","sophied","","2022-05-28T23:17:07.000Z","186","5e99jgaj","8","","5","0.08943694829940796","","","0.003727544380086189","98.48155212402344","","0.00010384219785919412","A+B+C+D","","79.34806357925646","0.9771621527547012","93.52059936523438"
"quiet-sweep-26","finished","-","sophied","","2022-05-28T23:13:58.000Z","182","5e99jgaj","16","","9","0.07440026849508286","","","0.0009980353313068311","32.6397590637207","","0.000046069035306572914","A+B+C+D","","38.16030249042358","0.32640057601309713","91.30062866210938"
"different-sweep-25","finished","-","sophied","","2022-05-28T23:11:00.000Z","173","5e99jgaj","9","","5","0.0891072228550911","","","0.0014517414596853296","45.45467376708984","","0.00010487145482329652","A+B+C+D","","2.454825449714396","0.4837292310996009","93.51476287841795"
"silver-sweep-24","finished","-","sophied","","2022-05-28T23:08:01.000Z","174","5e99jgaj","12","","8","0.08959047496318817","","","0.004901223982880385","53.44276809692383","","0.00008295222505694255","A+B+C+D","","80.44686826824496","0.4943435688836882","93.52890014648438"
"cosmic-sweep-23","finished","-","sophied","","2022-05-28T23:04:58.000Z","179","5e99jgaj","16","","8","0.08932609856128693","","","0.0037964076745272217","57.09370422363281","","0.00010022323112934828","A+B+C+D","","6.512304954416728","0.6043000199157479","93.51627349853516"
"wise-sweep-22","finished","-","sophied","","2022-05-28T23:01:55.000Z","177","5e99jgaj","16","","8","0.07642016559839249","","","0.002575914743012861","85.919189453125","","0.00004850204277317971","A+B+C+D","","37.64139463147612","0.9129766282551792","90.9580535888672"
"treasured-sweep-21","finished","-","sophied","","2022-05-28T22:58:52.000Z","178","5e99jgaj","12","","8","0.07158571481704712","","","0.004561361376211889","79.17555236816406","","0.00004537793574854731","A+B+C+D","","92.20482784081165","0.8011564936378843","90.58773803710938"
"crimson-sweep-20","finished","-","sophied","","2022-05-28T22:55:59.000Z","170","5e99jgaj","19","","8","0.08511138707399368","","","0.001082332550435935","15.355382919311523","","0.000056883498473325744","A+B+C+D","","18.6044502176784","0.1478753925599494","93.13162231445312"
"icy-sweep-19","finished","-","sophied","","2022-05-28T22:53:06.000Z","168","5e99jgaj","12","","4","0.0891774520277977","","","0.001078703601577561","52.86140823364258","","0.00010497350740479304","A+B+C+D","","15.40800143745242","0.5506015546058736","93.51091766357422"
"good-sweep-18","finished","-","sophied","","2022-05-28T22:50:13.000Z","170","5e99jgaj","17","","7","0.08940576761960983","","","0.002985551955375923","63.60922622680664","","0.0001110927332774736","A+B+C+D","","79.12448271782853","0.6045382611692802","93.51753997802734"
"divine-sweep-17","finished","-","sophied","","2022-05-28T22:47:19.000Z","168","5e99jgaj","10","","10","0.07775144279003143","","","0.001350261288015207","61.25682830810547","","0.00005040992982685566","A+B+C+D","","7.910094128982519","0.6616971501829381","91.64579010009766"
"glamorous-sweep-16","finished","-","sophied","","2022-05-28T22:44:26.000Z","171","5e99jgaj","18","","5","0.07762366533279419","","","0.0019042829562684344","9.051755905151367","","0.000047380541218444705","A+B+C+D","","57.79292141102271","0.04973968888078692","91.79007720947266"
"vocal-sweep-15","finished","-","sophied","","2022-05-28T22:41:28.000Z","172","5e99jgaj","7","","7","0.07739955931901932","","","0.00261980910087083","48.33352279663086","","0.000051970797358080745","A+B+C+D","","95.7616394620578","0.4496201595379174","91.0136260986328"
"smooth-sweep-14","finished","-","sophied","","2022-05-28T22:38:35.000Z","167","5e99jgaj","11","","8","0.08959736675024033","","","0.0012174937541720484","82.43661499023438","","0.0001024466982926242","A+B+C+D","","76.2372628829918","0.8081357744220111","93.5558853149414"
"zany-sweep-13","finished","-","sophied","","2022-05-28T22:35:45.000Z","168","5e99jgaj","17","","8","0.067231185734272","","","0.0039684734655587","7.56850528717041","","0.000043897882278542966","A+B+C+D","","69.10715800254374","0.03215998460311862","90.86775970458984"
"fiery-sweep-12","finished","-","sophied","","2022-05-28T22:32:52.000Z","168","5e99jgaj","19","","6","0.08946745097637177","","","0.003919793469043543","44.13603210449219","","0.00010561499948380516","A+B+C+D","","73.479853538611","0.4016266676907641","93.52433776855467"
"resilient-sweep-11","finished","-","sophied","","2022-05-28T22:29:54.000Z","173","5e99jgaj","19","","5","0.07480277121067047","","","0.003711408734601629","34.92243957519531","","0.00004459516640054062","A+B+C+D","","73.0539551483805","0.32337972593348874","91.09339141845705"
"sandy-sweep-10","finished","-","sophied","","2022-05-28T22:26:56.000Z","174","5e99jgaj","19","","4","0.07803578674793243","","","0.003450932669771329","33.41163635253906","","0.00005091612911201082","A+B+C+D","","71.22234938496602","0.3050488475857675","91.30896759033205"
"glad-sweep-9","finished","-","sophied","","2022-05-28T22:23:56.000Z","174","5e99jgaj","8","","10","0.08947475254535675","","","0.004074340319369007","80.73268127441406","","0.0000965086364885792","A+B+C+D","","71.63684736436925","0.7947028874516129","93.52287292480467"
"iconic-sweep-8","finished","-","sophied","","2022-05-28T22:20:58.000Z","173","5e99jgaj","16","","10","0.08929578214883804","","","0.0010157963047341518","66.66889953613281","","0.0000924761188798584","A+B+C+D","","58.544618930098665","0.6570104929031179","93.51603698730467"
"celestial-sweep-7","finished","-","sophied","","2022-05-28T22:18:06.000Z","170","5e99jgaj","12","","8","0.07591965794563293","","","0.0016827570023662068","63.252986907958984","","0.000050580769311636686","A+B+C+D","","64.69056278792833","0.6386585107416064","91.35030364990234"
"colorful-sweep-6","finished","-","sophied","","2022-05-28T22:15:08.000Z","174","5e99jgaj","8","","4","0.08938112109899521","","","0.0003393154508768789","12.617315292358398","","0.00011150638601975515","A+B+C+D","","46.08342845371297","0.09087253129399175","93.51797485351562"
"easy-sweep-5","finished","-","sophied","","2022-05-28T22:12:10.000Z","174","5e99jgaj","8","","7","0.0791165679693222","","","0.0014713384670720986","78.5908203125","","0.00005610084554064088","A+B+C+D","","6.69259897208894","0.8515729174426202","91.66716003417967"
"vibrant-sweep-4","finished","-","sophied","","2022-05-28T22:09:02.000Z","181","5e99jgaj","8","","7","0.08875478059053421","","","0.001094609289251195","58.30894088745117","","0.00008963113214122131","A+B+C+D","","7.947343964805256","0.6161928294427942","93.4828872680664"
"sweepy-sweep-3","finished","-","sophied","","2022-05-28T22:05:58.000Z","177","5e99jgaj","8","","7","0.08773774653673172","","","0.00151045644108034","68.96376037597656","","0.00011182305752299726","A+B+C+D","","12.286521271161554","0.7271296515393024","93.36114501953124"
"honest-sweep-2","finished","-","sophied","","2022-05-28T22:02:55.000Z","178","5e99jgaj","19","","4","0.08945772051811218","","","0.004071797001224831","11.699674606323242","","0.00008994172094389796","A+B+C+D","","8.525108932716588","0.11694481830039806","93.52229309082033"
"tough-sweep-1","finished","-","sophied","","2022-05-28T21:59:57.000Z","173","5e99jgaj","11","","7","0.08921108394861221","","","0.00042077996561355985","35.26619338989258","","0.00010587027645669878","A+B+C+D","","11.842802074203842","0.365869298614495","93.50218200683594"
"easy-sweep-2","crashed","-","sophied","","2022-05-28T21:58:44.000Z","13000","","16","","5","","","","0.00016437139415748103","","","","","","76.0700751919231","0.6028729216705719",""
"fancy-sweep-1","finished","-","sophied","","2022-05-28T21:55:56.000Z","164","","20","","9","0.08968862146139145","","","0.002468609967051695","18.71327209472656","","0.00011451819591457024","A+B+C+D","","51.11307243195984","0.15104119406404878","93.54332733154295"
"lyric-water-135","failed","-","sophied","","2022-05-28T21:47:51.000Z","278","","","","","","","","","","","","","","","",""
"wise-hill-134","finished","-","sophied","","2022-05-28T21:47:34.000Z","15","","","","","","","","","","","","","","","",""
"stellar-plant-133","crashed","-","sophied","","2022-05-28T20:03:59.000Z","3971","","30","64","50","0.08549279719591141","3000","7","0.01","6.637177467346191","4","0.000016352285456378013","all","","10","0.05","115.64466094970705"
"crisp-cloud-132","finished","-","sophied","","2022-05-28T19:34:16.000Z","1780","","30","64","50","0.006942031905055046","3000","7","0.01","2.910029888153076","3","0.000004582392648444511","all","","10","0.05","56.81209945678711"
"kind-wind-131","finished","-","sophied","","2022-05-28T19:30:07.000Z","247","","30","64","50","0.006189459934830666","3000","7","0.01","0.4858608841896057","3","0.000013974284229334444","all","","10","0.01","42.395233154296875"
"still-hill-130","finished","-","sophied","","2022-05-28T19:29:21.000Z","44","","30","64","50","0.08040302246809006","3000","7","0.01","38.63975524902344","3","0.0004886961542069912","all","","10","1","37.835235595703125"
"chocolate-snowflake-129","finished","-","sophied","","2022-05-28T19:21:22.000Z","476","","30","64","50","0.04272035136818886","3000","7","0.001","54.8089485168457","3","0.000014828937310085166","all","","10","1","54.38172912597656"
"soft-snow-128","finished","-","sophied","","2022-05-28T19:16:11.000Z","309","","30","64","50","0.06939910352230072","3000","7","0.001","121.91804504394533","4","0.000016971054719761014","all","","10","1","121.22403717041016"
"distinctive-meadow-127","finished","-","sophied","","2022-05-28T19:14:27.000Z","57","","30","64","50","0.08423727005720139","3000","7","0.001","103.69261932373048","4","0.00011607509077293798","all","","10","1","102.85012817382812"
"silver-shape-126","finished","-","sophied","","2022-05-28T19:13:52.000Z","32","","30","64","50","","3000","7","0.001","","4","","all","","10","1",""
"resilient-night-125","crashed","-","sophied","","2022-05-28T16:06:12.000Z","5174","","30","64","50","0.06628452241420746","3000","7","0.001","-1.663108468055725","4","0.0000033465580600022804","all","","10","1","-2.3259570598602295"
"wobbly-pine-124","finished","-","sophied","","2022-05-28T16:04:29.000Z","100","","30","64","50","0.07993622869253159","3000","7","0.001","0.7994083166122437","4","0.00004602875196724199","all","","10","1e-8","-1.9637553691864016"
"legendary-wave-123","finished","-","sophied","","2022-05-28T16:03:10.000Z","77","","30","64","50","0.07375538349151611","3000","7","0.001","0.7375813722610474","4","0.000027511427106219344","all","","10","1e-8","-0.5050716400146484"
"sage-sponge-122","finished","-","sophied","","2022-05-28T15:45:50.000Z","1037","","30","64","50","0.048978082835674286","3000","7","0.001","0.48981931805610657","4","0.0000018125850829164849","all","","10","1e-8","3664.765380859375"
"soft-sun-121","finished","-","sophied","","2022-05-28T15:32:45.000Z","781","","30","64","50","0.05976412445306778","3000","7","0.001","0.5976494550704956","4","0.000008247176083386876","all","","10","0","3222.64208984375"
"deep-lake-120","finished","-","sophied","","2022-05-28T15:26:45.000Z","357","","30","64","50","0.08421174436807632","3000","7","0.001","0.8422960042953491","4","0.00016473587311338633","all","","10","0.001","0.013831377029418944"
"jumping-smoke-119","finished","-","sophied","","2022-05-28T15:25:28.000Z","74","","30","64","50","0.08117511123418808","3000","7","0.001","0.8122186064720154","4","0.0002678025630302727","all","","10","1","0.0001996755599975586"
"silver-thunder-118","crashed","-","sophied","","2022-05-28T00:04:30.000Z","8150","","30","64","50","0.10267513245344162","3000","3","0.001","1.0367165803909302","1","0.009965243749320509","A","","10","1","0"
"fancy-star-117","finished","-","sophied","","2022-05-27T23:51:29.000Z","778","","30","64","50","0.0783301517367363","3000","5","0.001","0.7848345041275024","3","0.0015162795316427946","B+C+D","","10","1","0.000016689300537109375"
"different-planet-116","finished","-","sophied","","2022-05-27T23:40:20.000Z","667","","30","64","50","0.00701137026771903","3000","5","0.001","0.07011818140745163","3","0.000004479646577237872","B+C+D","","10","1","5766.087890625"
"atomic-puddle-115","finished","-","sophied","","2022-05-27T23:35:24.000Z","294","","30","64","50","0.020808584988117215","3000","5","0.001","0.20811663568019867","3","0.00003078631198150106","B+C+D","","10","0.1","6815.2216796875"
"eager-paper-114","finished","-","sophied","","2022-05-27T23:33:38.000Z","104","","30","64","50","0.07910064607858658","3000","5","0.001","0.7926158308982849","3","0.0015855706296861172","B+C+D","","10","0.1","0.0002386569976806641"
"jumping-field-113","finished","-","sophied","","2022-05-27T23:32:00.000Z","96","","30","64","50","0.0921533778309822","3000","5","0.001","0.92371928691864","3","0.001738747931085527","B+C+D","","10","0.01","0.044681936502456665"
"eager-frog-112","finished","-","sophied","","2022-05-27T23:29:02.000Z","176","","30","64","50","0.08687452226877213","3000","5","0.001","1.0021028518676758","3","0.001247836509719491","B+C+D","10","","","0.13210976123809814"
"lemon-cherry-111","finished","-","sophied","","2022-05-27T23:27:18.000Z","101","","30","64","50","0.08177965134382248","3000","5","0.001","0.8202595114707947","3","0.002403469290584326","B+C+D","10","","","0.00005948543548583984"
"soft-frog-110","finished","-","sophied","","2022-05-27T23:26:45.000Z","31","","30","64","50","","3000","5","0.001","","3","","B+C+D","10","","",""
"glad-serenity-109","finished","-","sophied","","2022-05-27T23:05:59.000Z","1244","","30","64","50","0.0028606655541807413","3000","5","0.001","0.028608037158846855","3","0.000001382817458761565","B+C+D","10","","",""
"icy-river-108","crashed","-","sophied","","2022-05-27T23:05:12.000Z","624","","30","64","50","0.005881931632757187","3000","5","0.001","0.05882074311375618","3","0.0000014251613720261955","B+C+D","10","","",""
"lyric-water-107","crashed","-","sophied","","2022-05-26T21:25:35.000Z","5842","","30","64","50","0.019061556085944176","3000","5","0.001","0.1908581703901291","3","0.00024259882047772408","B+C+D","10","","",""
"solar-darkness-106","finished","-","sophied","","2022-05-26T21:23:17.000Z","134","","30","64","50","0.08564671128988266","3000","5","0.001","0.8577816486358643","3","0.0013095199828967452","B+C+D","10","","","0.0000050067901611328125"
"smooth-cherry-105","finished","-","sophied","","2022-05-26T21:22:01.000Z","70","","30","64","50","0.08384604007005692","3000","5","0.001","0.08641625940799713","3","0.002554631792008877","B+C+D","1","","","0.00001558661460876465"
"swept-terrain-104","finished","-","sophied","","2022-05-26T21:20:15.000Z","64","","30","64","50","0.07577955722808838","3000","5","0.001","0.07777662575244904","3","0.001982348738238215","B+C+D","1","","","0.000014722347259521484"
"polar-salad-103","finished","-","sophied","","2022-05-26T21:19:08.000Z","63","","30","64","50","","3000","5","0.001","","3","","B+C+D","1","","",""
"worldly-durian-102","finished","-","sophied","","2022-05-26T21:18:10.000Z","54","","30","64","50","","3000","5","0.001","","3","","B+C+D","1","","",""
"misty-frog-101","finished","-","sophied","","2022-05-26T21:03:31.000Z","875","","30","64","50","0.08144035935401917","3000","5","0.001","NaN","3","0.0008280362817458808","B+C+D","1","","","NaN"
"morning-cosmos-100","finished","-","sophied","","2022-05-26T21:01:42.000Z","106","","30","64","50","","3000","5","0.001","","3","","B+C+D","1","","",""
"autumn-dawn-99","finished","-","sophied","","2022-05-26T21:01:14.000Z","24","","30","64","50","","3000","5","0.001","","3","","B+C+D","1","","",""
"tough-shape-98","finished","-","sophied","","2022-05-26T21:00:07.000Z","63","","30","64","50","0.08542191237211227","3000","5","0.001","NaN","3","0.0018964754417538645","B+C+D","1","","","NaN"
"flowing-water-97","finished","-","sophied","","2022-05-26T20:58:21.000Z","102","","30","64","50","0.08282642811536789","3000","5","0.001","NaN","3","0.0017636632546782494","B+C+D","1","","",""
"neat-dream-96","finished","-","sophied","","2022-05-26T20:15:04.000Z","2593","","30","64","50","0.007085373159497976","3000","5","0.001","0.007092543877661228","3","0.000007170709068304859","B+C+D","1","","",""
"ruby-fire-95","finished","-","sophied","","2022-05-26T20:07:55.000Z","425","","30","64","50","0.018589474260807037","3000","3","0.001","0.018599502742290497","3","0.0000100290599220898","B+C+D","1","","",""
"effortless-mountain-94","finished","-","sophied","","2022-05-26T20:07:34.000Z","364","","","","","","","","","","","","","","","",""
"golden-blaze-93","finished","-","sophied","","2022-05-26T19:44:09.000Z","1401","","30","64","50","0.004996973089873791","3000","10","0.001","0.005005230195820332","3","0.000008257040462922305","B+C+D","1","","",""
"mild-surf-92","crashed","-","sophied","","2022-05-26T13:36:43.000Z","2886","","30","64","50","0.004843778442591429","3000","10","0.001","0.004845282528549433","3","0.000001503967496319092","B+C+D","1","","",""
"whole-feather-91","crashed","-","sophied","","2022-05-26T10:32:15.000Z","2149","","30","64","50","0.04398864135146141","3000","10","0.001","0.04398967325687408","4","0.0000010318341310266987","A+B+C+D","1","","",""
"rural-deluge-89","finished","-","sophied","","2022-05-26T10:03:49.000Z","1573","","30","64","50","0.009281936101615427","3000","10","0.001","0.00928566325455904","3","0.0000037270301618264057","B+C+D","1","","",""
"peachy-silence-88","finished","-","sophied","","2022-05-26T09:55:39.000Z","482","","50","64","30","0.05610975623130798","3000","10","0.001","0.05611371994018555","4","0.0000039641095099796075","A+B+C+D","1","","",""
"worthy-shadow-87","crashed","-","sophied","","2022-05-26T09:52:14.000Z","3767","","50","64","30","0.07555022835731506","3000","15","0.001","0.07559119164943695","4","0.00004096220072824508","A+B+C+D","1","","",""
"deft-valley-86","finished","-","sophied","","2022-05-26T09:50:24.000Z","57","","50","64","30","0.07627298682928085","3000","15","0.001","0.07635467499494553","4","0.0000816892643342726","A+B+C+D","1","","",""
"dry-aardvark-85","finished","-","sophied","","2022-05-26T09:48:24.000Z","117","","25","64","10","0.07791828364133835","3000","10","0.01","0.07792331278324127","4","0.0000050260637181054335","A+B+C+D","1","","",""
"toasty-butterfly-84","finished","-","sophied","","2022-05-26T09:47:24.000Z","57","","25","64","10","0.08741195499897003","3000","10","0.1","0.08766653388738632","4","0.0002545815659686923","A+B+C+D","1","","",""
"legendary-surf-83","crashed","-","sophied","","2022-05-26T01:01:52.000Z","4855","","25","64","10","0.04950549453496933","3000","10","0.005","0.049523428082466125","4","0.000017932507034856826","A+B+C+D","1","","",""
"dry-armadillo-82","finished","-","sophied","","2022-05-26T00:59:57.000Z","70","","25","64","10","0.0840863585472107","3000","10","0.005","0.08409540355205536","4","0.000009043013960763346","A+B+C+D","1","","",""
"misunderstood-sun-81","finished","-","sophied","","2022-05-26T00:59:03.000Z","50","","25","64","10","0.09097355604171752","3000","10","0.005","0.09099172055721284","4","0.000018167722373618744","A+B+C+D","1","","",""
"dutiful-terrain-80","finished","-","sophied","","2022-05-26T00:57:18.000Z","101","","25","64","10","0.06483426690101624","200","10","0.005","0.06484628468751907","4","0.000012017331755487248","A+B+C+D","1","","",""
"rosy-jazz-79","finished","-","sophied","","2022-05-26T00:56:52.000Z","121","","","","","","","","","","","","","","","",""
"polar-elevator-78","finished","-","sophied","","2022-05-26T00:41:13.000Z","935","","25","64","10","0.011072653345763683","200","7","0.005","0.011075095273554323","3","0.0000024415885491180234","B+C+D","1","","",""
"sleek-feather-76","finished","-","sophied","","2022-05-26T00:33:01.000Z","393","","25","64","10","0.004621235188096762","200","5","0.005","0.004625611938536167","2","0.00000437675998909981","A+B","1","","",""
"cosmic-bird-75","finished","-","sophied","","2022-05-26T00:28:46.000Z","252","","25","64","10","0.013956237584352492","500","5","0.001","0.01398112066090107","2","0.00002488336940587033","A+B","1","","",""
"cerulean-bird-74","finished","-","sophied","","2022-05-26T00:17:48.000Z","655","","25","64","10","0.0012800865806639194","500","5","0.001","0.0015164519427344203","2","0.0002363653329666704","B+D","1","","",""
"curious-smoke-73","finished","-","sophied","","2022-05-26T00:13:02.000Z","282","","25","64","10","0.03483034670352936","500","5","0.001","0.034830957651138306","2","6.111689572207979e-7","A+D","1","","",""
"smooth-bush-72","crashed","-","sophied","","2022-05-25T14:09:15.000Z","4273","","25","64","10","0.04357735440135002","500","10","0.001","0.04358024150133133","4","0.0000028876252144982573","A+B+C+D","1","","",""
"gallant-silence-71","crashed","-","sophied","","2022-05-24T22:17:39.000Z","10803","","25","64","10","0.03674761578440666","500","5","0.001","0.036747924983501434","2","3.103836831996887e-7","A+D","1","","",""
"classic-donkey-70","finished","-","sophied","","2022-05-24T22:08:05.000Z","571","","25","64","10","0.0004584674315992743","500","5","0.001","0.0004611138137988746","2","0.000002646394932526164","C+D","1","","",""
"misunderstood-fire-69","finished","-","sophied","","2022-05-24T21:35:55.000Z","1927","","25","64","10","0.018727393820881844","500","7","0.001","0.01873188093304634","3","0.000004487535989028402","A+B+C","1","","",""
"glamorous-forest-68","finished","-","sophied","","2022-05-24T21:31:38.000Z","254","","25","64","10","0.036049094051122665","50","7","0.001","0.036109063774347305","3","0.0000599705999775324","A+B+C","1","","",""
"logical-bush-67","finished","-","sophied","","2022-05-24T21:31:26.000Z","9","","25","64","10","","50","5","0.001","","2","","A+B+C","1","","",""
"ethereal-dawn-66","finished","-","sophied","","2022-05-24T21:26:13.000Z","313","","25","64","10","0.0009294995106756688","50","5","0.001","0.0009503047913312912","2","0.000020805291569558904","A+C","1","","",""
"serene-yogurt-65","finished","-","sophied","","2022-05-24T21:22:01.000Z","249","","25","64","10","0.01658039353787899","50","5","0.001","0.01760154590010643","2","0.0010211518965661526","B+D","1","","",""
"helpful-dust-64","finished","-","sophied","","2022-05-24T21:21:15.000Z","43","","25","64","10","","50","5","0.001","","3","","B+D","1","","",""
"balmy-sun-63","finished","-","sophied","","2022-05-24T21:15:19.000Z","352","","25","64","10","0.06745942682027817","50","5","0.001","0.06990022212266922","3","0.0024407932069152594","D+B+C","1","","",""
"robust-resonance-62","finished","-","sophied","","2022-05-24T21:09:38.000Z","338","","25","64","10","0.046838004142045975","50","5","0.001","0.047106675803661346","3","0.00026867163251154125","A+B+C","1","","",""
"ethereal-armadillo-61","finished","-","sophied","","2022-05-24T21:08:07.000Z","87","","25","64","10","","50","5","0.001","","2","","A+B+C","1","","",""
"faithful-grass-60","finished","-","sophied","","2022-05-24T21:05:07.000Z","177","","25","64","10","0.0004908960545435548","50","5","0.001","0.0005404268158599734","2","0.000049530739488545805","B+C","1","","",""
"magic-violet-59","finished","-","sophied","","2022-05-24T20:58:07.000Z","417","","25","64","10","0.00989935640245676","50","5","0.001","0.012504701502621174","2","0.00260534486733377","B+C","1","","",""
"revived-firebrand-58","crashed","-","sophied","","2022-05-24T10:30:22.000Z","4032","","25","64","10","0.029856018722057343","50","5","0.001","0.029861796647310257","2","0.000005778587365057319","A+B+noise","1","","",""
"fast-hill-57","finished","-","sophied","","2022-05-24T10:29:21.000Z","59","","25","64","10","","50","5","0.001","","1","","A+B+noise","1","","",""
"northern-mountain-56","finished","-","sophied","","2022-05-24T10:28:20.000Z","59","","25","64","10","","50","5","0.001","","1","","A+B+noise","1","","",""
"charmed-pyramid-55","finished","-","sophied","","2022-05-24T10:21:15.000Z","422","","25","64","10","0.000021104657207615674","50","5","0.001","0.000024793996999505907","1","0.000003689338882395532","B","1","","",""
"azure-durian-54","crashed","-","sophied","","2022-05-24T01:26:25.000Z","3762","","25","64","10","0.0001009991392493248","50","5","0.001","0.00035943739931099117","1","0.00025843826006166637","B","1","","",""
"sunny-jazz-53","finished","-","sophied","","2022-05-24T01:23:22.000Z","180","","25","64","10","0.10809527337551116","50","5","0.001","0.10810884833335876","1","0.00001357326254947111","B","1","","",""
"young-sky-51","finished","-","sophied","","2022-05-24T01:20:06.000Z","94","","25","64","10","0.08516070246696472","50","5","0.001","0.08516763895750046","1","0.000006933883014426101","A+Bnoise","1","","",""
"electric-gorge-50","finished","-","sophied","","2022-05-24T01:16:06.000Z","237","","25","64","10","0.08005302399396896","50","2","0.001","0.08005344867706299","1","4.231561945289286e-7","A+Bnoise","1","","",""
"swept-deluge-49","finished","-","sophied","","2022-05-24T01:14:47.000Z","76","","25","64","10","0.045201342552900314","50","2","0.001","0.04521164670586586","1","0.000010302311238774564","A+Cnoise","1","","",""
"true-voice-48","finished","-","sophied","","2022-05-24T01:12:36.000Z","128","","25","64","10","0.0001284694881178439","50","2","0.001","0.0001811401452869177","1","0.000052670649893116206","A+Cnoise","1","","",""
"visionary-elevator-47","finished","-","sophied","","2022-05-24T01:02:07.000Z","626","","25","64","10","0.0291844941675663","50","2","0.001","0.029185723513364792","1","0.0000012290134918657714","A+CDnoise","1","","",""
"misty-puddle-32","crashed","-","sophied","","2022-05-23T14:04:00.000Z","4663","","25","64","10","0.03250967338681221","50","3","0.001","0.03251386433839798","1","0.00000419044181398931","A+CDnoise","1","","",""
"apricot-rain-31","finished","-","sophied","","2022-05-23T14:03:34.000Z","24","","25","64","10","0.06438638269901276","50","3","0.001","0.06512933224439621","1","0.0007429515826515853","A+BCnoise","1","","",""
"ethereal-capybara-30","crashed","-","sophied","","2022-05-22T19:34:29.000Z","5839","","25","64","10","0.08784611523151398","50","3","0.001","0.08784612268209457","1","5.6098277134708505e-9","A+noise","1","","",""
"sleek-frost-29","finished","-","sophied","","2022-05-22T19:22:45.000Z","701","","25","64","10","0.03580964356660843","50","5","0.001","0.037851858884096146","2","0.0020422141533344984","C+D","1","","",""
"expert-puddle-28","finished","-","sophied","","2022-05-22T19:13:51.000Z","531","","25","64","10","0.022827325388789177","50","5","0.001","0.02283519506454468","2","0.000007869019100326113","A+D","1","","",""
"likely-donkey-27","finished","-","sophied","","2022-05-22T19:03:54.000Z","595","","25","64","10","0.025179501622915268","50","5","0.001","0.025185348466038704","2","0.0000058464975154493","A+C","1","","",""
"winter-paper-26","finished","-","sophied","","2022-05-22T18:56:29.000Z","442","","25","64","10","3.989698349471382e-9","50","2","0.001","1.939015703555924e-7","1","1.8991187289429945e-7","C","1","","",""
"firm-shadow-25","finished","-","sophied","","2022-05-22T18:47:52.000Z","514","","25","64","10","0.000007901737262727693","50","2","0.001","0.000008817304660624359","1","9.155671136795718e-7","D","1","","",""
"woven-universe-24","finished","-","sophied","","2022-05-22T18:36:43.000Z","665","","25","64","10","0.08179795742034912","50","2","0.001","0.08180873841047287","1","0.000010780900993268006","B","1","","",""
"ancient-waterfall-23","finished","-","sophied","","2022-05-22T18:35:25.000Z","74","","25","64","10","0.083116814494133","50","2","0.001","0.08311761170625687","1","7.956134595588082e-7","B","1","","",""
"jolly-pine-22","finished","-","sophied","","2022-05-22T18:14:00.000Z","1282","","25","64","10","0.059009358286857605","50","5","0.001","0.059036433696746826","3","0.000027077063350589015","A+C+D","1","","",""
"treasured-haze-21","finished","-","sophied","","2022-05-22T18:12:37.000Z","81","","25","64","10","0.08389344811439514","50","5","0.001","0.08394759148359299","3","0.0000541409281140659","A+C+D","1","","",""
"rural-puddle-20","crashed","-","sophied","","2022-05-22T13:54:06.000Z","4181","","25","64","10","0.02094271034002304","50","2","0.001","0.020949386060237885","2","0.000006676622433587909","A+C","1","","",""
"legendary-forest-19","finished","-","sophied","","2022-05-22T13:52:41.000Z","83","","25","64","10","0.08338306099176407","50","2","0.001","0.08338306844234467","2","3.783187985106906e-9","A+B","1","","",""
"likely-river-17","finished","-","sophied","","2022-05-22T13:33:47.000Z","1094","","25","64","10","3.3433117385683886e-11","50","1","0.001","4.2207928124815546e-11","1","8.774810739131667e-12","A","1","","",""
"deft-glade-16","finished","-","sophied","","2022-05-22T13:11:27.000Z","226","","25","64","10","0.0000131998012875556","50","5","0.001","0.000016211412003031","1","0.00000301161117022275","A","1","","",""
"grateful-river-15","finished","-","sophied","","2022-05-22T13:09:31.000Z","114","","50","64","10","0.08793162554502487","50","3","0.001","0.09653045237064362","1","0.00859882403165102","A","1","","",""
"quiet-meadow-14","finished","-","sophied","","2022-05-22T13:08:55.000Z","34","","","","","","","","","","","","","","","",""
"dulcet-lake-13","finished","-","sophied","","2022-05-22T12:56:41.000Z","732","","50","64","10","0.08555089682340622","50","10","0.005","0.08601140230894089","4","0.00046050234232097864","A+B+C+D","1","","",""
"exalted-galaxy-12","finished","-","sophied","","2022-05-22T12:55:12.000Z","87","","50","64","10","0.09554854780435562","50","5","0.005","0.09555616974830627","4","0.00000762071476856363","A+B+C+D","1","","",""
"wobbly-bush-11","crashed","-","sophied","","2022-05-22T00:48:27.000Z","6435","","50","64","10","0.07148422300815582","50","5","0.005","0.07148587703704834","4","0.0000016571278820265434","A+B+C+D","1","","",""
"magic-universe-10","finished","-","sophied","","2022-05-22T00:46:06.000Z","135","","50","64","10","","50","5","0.005","","4","","A+B+C+D","1","","",""
"lemon-oath-9","finished","-","sophied","","2022-05-22T00:30:52.000Z","912","","50","64","10","0.08584023267030716","50","5","0.005","0.08584073185920715","4","5.01641409300646e-7","A+B+C+D","1","","",""
"solar-brook-5","finished","-","sophied","","2022-05-21T22:48:37.000Z","58","","50","64","10","0.08478783816099167","50","5","0.005","0.08490893989801407","1","0.00012110482202842832","A","1","","",""